,A,B,C,D
2000-01-01,0.4170490449832671,-1.5853917059855078,1.6253950230435075,1.3115419923180802
2000-01-02,-0.5298054414611413,-2.2731504606588477,1.3066218417650655,1.1206140150329018
2000-01-03,-0.27558187694758507,-2.1616708013274404,1.7176116761287519,0.23118233124687804
2000-01-04,-0.5036796438899225,0.6020397576765486,2.072070299074757,-1.3859298532490487
2000-01-05,-1.1060658138628081,-0.5518513323327461,2.3429127511759824,-1.8880106169208757
2000-01-06,-0.28295118130829744,-1.2977871358836015,1.5103777929753726,-3.0538175408290344
2000-01-07,-0.055292687099374765,-1.2027549047231605,3.033528381477384,-2.032650327903028
2000-01-08,-0.0771565172590125,0.6860584971200092,3.274191982253311,-3.1983877008433215
2000-01-09,-0.20562514332375537,1.4620306111138708,4.926059910868565,-2.1928812986130777
2000-01-10,1.790985072052068,1.3698873682249704,3.9223391308743594,-2.5149952943497307
2000-01-11,-0.3731797412098281,-0.2060694014871678,2.8529734553780983,-1.6887524436689363
2000-01-12,0.03457563633549027,0.04360043176620784,0.7020334223544182,-0.6467123289175294
2000-01-13,0.07767672039270684,2.0602400152364537,-0.8914396332336783,-1.1202853113780198
2000-01-14,0.30206967152769926,2.907384615947692,-1.0290770999441115,-2.6113925440438033
2000-01-15,1.1186766056532331,5.083672741001095,-1.1234006862815011,-1.5031575591361244
2000-01-16,1.9688678878324621,5.258171860518493,-0.37627985427576216,-1.4219524334451026
2000-01-17,1.7628571209356125,5.707036717668143,-0.42932651351753515,-1.9596276480458357
2000-01-18,3.1976289041291492,5.445722110418911,-0.9926370416069563,-1.7413838875774952
2000-01-19,1.8891845566659182,5.424620621347397,-2.4185241792684984,-1.5181998286221439
2000-01-20,0.8611331111798148,3.593554139298531,-3.4689181923916967,-2.420791207574661
2000-01-21,1.6325242511427704,3.3934569704794515,-3.8413826089491456,-2.929463499207117
2000-01-22,2.6856864865975423,4.384535116916215,-2.7470222390771286,-5.043948212522038
2000-01-23,3.1023042409705175,4.800907866636699,-3.174336610987992,-4.261885525481621
2000-01-24,2.9222361746942944,4.422779509559692,-5.028576056527132,-2.881529305471875
2000-01-25,3.238001611416492,3.9367007646503827,-3.5095158588055835,-1.509332225178889
2000-01-26,2.6668520514946623,4.994129419983748,-2.738223297348782,-3.1024317400874386
2000-01-27,2.928355573723276,5.193708149926044,-3.020627617990852,-1.2271796005001783
2000-01-28,3.7384774571221433,5.556942114599385,-2.689347475568293,-1.0832862260610758
2000-01-29,3.141385462818611,5.063447966369651,-2.747518412624619,-1.0803197483066005
2000-01-30,5.057022614672016,2.8577951084760977,-2.6041396452520047,-0.23136538654524286
2000-01-31,5.572920621461576,3.9569764453287997,-2.9167898677938418,-1.319217578977502
2000-02-01,5.965026242795851,2.5454079926989452,-3.923743277061953,-1.5428913680040177
2000-02-02,6.110514397008933,3.2523286670721454,-3.1659759469875333,-1.7544776502260064
2000-02-03,4.793306819194355,2.665281876126861,-3.9351220262405744,-3.1618132435658772
2000-02-04,5.745147753494436,4.65294145195722,-2.760605340695096,-5.085472360335872
2000-02-05,5.486577861899161,4.979736748434635,-3.577488403606954,-6.881055575731278
2000-02-06,5.602311632279003,3.9584978340085906,-3.7952364110607593,-7.460492957607311
2000-02-07,3.7157121161316766,4.419590198604363,-2.734884244941182,-6.660140780975986
2000-02-08,5.447906742759393,5.568974887762937,-2.2936858732142906,-8.503693007323571
2000-02-09,5.124362878816868,3.9920945824389897,-3.203191420886229,-7.168124116810729
2000-02-10,4.7783284079788135,4.42713987803091,-2.892267681993075,-6.866043532353859
2000-02-11,5.242994345476947,5.509509157983152,-3.9472698739824823,-7.353790793879494
2000-02-12,6.194713830978178,6.4004933918586815,-3.0085362378837788,-7.783672713283373
2000-02-13,6.5572226203240485,7.4638375484162145,-3.734771213914862,-7.378783192547507
2000-02-14,4.914588776315651,9.206356839308418,-3.013370874196382,-7.764320216028941
2000-02-15,4.991602352833955,8.113219128675215,-3.3244397778041237,-8.209191278729358
2000-02-16,5.551711268691617,6.891196361801935,-3.0120423882181497,-8.292518404413599
2000-02-17,5.489538620414338,7.721229196275244,-2.8553860525674186,-7.150529770138178
2000-02-18,5.366173653120966,6.988118157144983,-2.9998938368435133,-6.578063076921741
2000-02-19,5.611578108454549,4.193273932889854,-2.3995796432982495,-8.278563230733024
2000-02-20,5.365961651632286,5.601072990625744,-0.8604875935968761,-9.528032016664842
2000-02-21,5.352603166964765,6.491146414942329,0.6239707147340408,-9.434916959069412
2000-02-22,7.480462570883114,6.8621175906206675,0.9362959446787273,-9.921648874321907
2000-02-23,7.000344041055978,7.249095591213905,2.1020130053515658,-6.41922904357993
2000-02-24,7.426092441603684,8.766920560006614,2.0839760935258185,-5.919135565885243
2000-02-25,7.278801305172314,7.458258459494258,3.087961383572057,-5.268785500680902
2000-02-26,5.890068295878117,6.915772554124659,3.059684192880502,-7.833736983610018
2000-02-27,6.552036380114478,6.745932001520986,4.047018085360335,-6.81997017098477
2000-02-28,5.912749097100439,7.368422642664077,3.439830305497652,-6.6023551385554615
2000-02-29,5.208187704849887,8.50898659188154,5.517344932871753,-7.069235582664148
2000-03-01,4.395699562818674,8.94833320663762,5.292874577519125,-7.087073594852354
2000-03-02,4.554094022675029,9.273723463754322,4.563408442955136,-9.891892396690151
2000-03-03,3.371448263763694,10.240612958863966,4.109820847362674,-9.612176217542213
2000-03-04,3.331493320028379,9.985077473507978,2.1601546259170092,-8.331755692142064
2000-03-05,3.6777255437088883,9.281817656285812,3.42860686562467,-8.075632968030966
2000-03-06,4.715524447536004,8.984759814837815,3.4161210679938963,-7.720990610656193
2000-03-07,3.3319357574885045,9.77442557946308,2.6804408222787908,-7.869023768894435
2000-03-08,2.474395785195427,10.097333070102815,2.881425306012601,-8.620013050725415
2000-03-09,2.6585558173482906,11.505549865784714,3.912798344417202,-7.663847758396318
2000-03-10,3.6386751972685567,12.419253814224666,4.311244157714736,-6.068554255204798
2000-03-11,4.124551889539883,11.304132218716045,5.745301764994414,-6.237790773928319
2000-03-12,3.689475640802222,10.735809941993125,6.067631824131467,-6.077606014463891
2000-03-13,3.9937948051816887,9.180991396944565,7.340523901761855,-5.647101658322077
2000-03-14,2.3823901360347657,9.525084478975918,8.786384641528477,-5.361116759614276
2000-03-15,2.5591269965135415,9.471839713340644,11.417321701749358,-5.851870835031807
2000-03-16,4.448009321155987,9.029194422573948,10.192060902729715,-5.8309533765405215
2000-03-17,6.663259594736532,8.609313309977107,9.77994331180046,-6.262706721633245
2000-03-18,6.729161578646824,7.936260546273957,10.172861872126296,-5.1989549294127055
2000-03-19,7.493826593665777,8.680434328861121,10.80787272311352,-6.247275974112074
2000-03-20,8.207156229136068,7.294242169281534,11.603345480696678,-6.918813994478094
2000-03-21,6.960718479143308,6.629825253742948,13.174984993744946,-6.535194366223849
2000-03-22,7.679100437615428,5.197791985214415,14.113294683068565,-5.433250125939081
2000-03-23,6.497766464630903,4.494355278515912,13.895510355507431,-5.125183935493885
2000-03-24,6.1479640944005585,3.808022429142108,12.937135569885001,-5.99832334133159
2000-03-25,6.469804818300048,4.090438534999389,14.134817771658286,-6.662167831326432
2000-03-26,6.516225683128516,4.031444620667797,15.695999877659355,-5.575163249332256
2000-03-27,6.692507764845044,5.080919613054713,16.376446580407883,-5.018717039012523
2000-03-28,9.049273051144716,3.9747699928752986,16.2594864959675,-4.151329158304477
2000-03-29,8.546668010290007,4.874821857873914,15.577920271425347,-4.781074218457859
2000-03-30,5.888176258230623,4.48572757328925,13.11745457464081,-4.384405154988205
2000-03-31,5.7302978140715926,3.3203073425980185,12.766319845539313,-5.277889755160012
2000-04-01,4.5641136395928,2.728835458675972,12.455139373921917,-4.6712686724342065
2000-04-02,3.915272796706412,4.429299827755718,11.43491922668574,-5.19305584241124
2000-04-03,2.9446729455031266,4.607528551960451,9.789483024291913,-5.897452755022387
2000-04-04,1.8708866065917589,3.86000572608957,10.731430346062481,-6.055600663708922
2000-04-05,0.5242547360415137,4.232059690356693,9.941511474155611,-4.578003331035395
2000-04-06,0.9058119676075564,4.79131205976921,10.812401819235802,-5.966344666390722
2000-04-07,0.5284099253378534,5.031565695444183,9.945468631977992,-5.491806555321281
2000-04-08,1.4078582259927939,4.24330903473869,11.014037119421914,-4.210732201412624
2000-04-09,0.946943371563417,5.141602060734586,11.116212010805498,-4.4352852979198385
2000-04-10,1.3586782387993543,5.140139757037107,9.403716381373815,-4.8076560298539714
2000-04-11,2.2801136375616413,2.9637891784084442,7.076437692406124,-5.41954557783322
2000-04-12,2.2197824858950277,2.665481644217754,6.537290224113705,-5.508114779628468
2000-04-13,1.5032708789780798,4.964735448383701,6.9657040551512885,-6.976657209089085
2000-04-14,2.5900668897761454,5.807172720437719,7.90177904427849,-7.723897927041541
2000-04-15,2.973528499824515,6.2863479422318544,7.582089993296233,-9.161345053048906
2000-04-16,3.27461979330478,5.124819743749988,7.341671759068938,-10.412893667486005
2000-04-17,3.5192787059458848,5.460938953915245,6.220139055956853,-10.677200056727516
2000-04-18,4.336567270719052,5.683953579353272,4.884412598719554,-9.72244798523339
2000-04-19,6.381798861524741,3.6922819662431383,4.9926218222951215,-10.382030440552887
2000-04-20,7.371788015661307,3.4391191851009437,4.845232045551355,-10.372243286965023
2000-04-21,6.417653087281435,1.5881674141521138,5.030599959086054,-11.078587240111311
2000-04-22,7.235278925352126,1.6140294080294686,4.121387927339065,-10.550240051138955
2000-04-23,7.745481886690811,2.306608507899842,4.400942146529817,-10.634984788299711
2000-04-24,7.622904025137498,2.7463745249957316,3.5961918501839523,-10.196443217805435
2000-04-25,7.2594614762595775,2.947000775114663,2.631740993735989,-9.38912910739657
2000-04-26,6.231596924545768,3.5807016754666003,2.6489148779660407,-10.785698213547631
2000-04-27,7.696690273104311,3.726233754991954,1.7575225938750632,-8.584650736665283
2000-04-28,8.533685508895298,4.2562886607850245,1.9277297402066411,-9.094390947929357
2000-04-29,9.21298555575208,3.9094347466763324,3.160194675087299,-9.265294755111595
2000-04-30,8.192693144559296,4.982142577504418,5.458683612020506,-8.781409879173726
2000-05-01,8.52475952594471,5.351119122019375,6.527854777807997,-10.827739656887193
2000-05-02,7.2863547420717225,4.411622153308395,6.441869347628892,-10.317248361285756
2000-05-03,8.080735722900018,2.548913348005791,6.5201644899149125,-10.014725598371834
2000-05-04,8.646042661055958,2.739791284956945,6.014035666136212,-10.871036535990374
2000-05-05,8.903855051008303,4.831741237205803,6.827818808763114,-12.87436178569669
2000-05-06,9.829583454451168,4.79049847781771,8.123535125029203,-13.726318567865924
2000-05-07,10.655219620016952,2.992876181400342,9.416750898979746,-15.096307327254955
2000-05-08,9.963622557587824,2.0565314241132246,8.731193082241731,-16.1571700328526
2000-05-09,8.35464554525825,0.8852102505342958,8.343545764402313,-16.200283377594165
2000-05-10,10.549672540441138,3.160376564545458,7.561487487439775,-15.873332851906452
2000-05-11,10.637011225168159,2.7061083743479495,7.513522168712589,-17.13450454214148
2000-05-12,11.58842007265675,1.2538091196788097,7.726591594644108,-16.949616968904692
2000-05-13,12.08523887689455,3.6831092007768955,7.969613569503945,-15.888406918054663
2000-05-14,11.567248810591824,4.037424862787636,8.286972257628186,-16.552758539415
2000-05-15,11.930701252616329,3.6889703559462084,8.09282577830451,-15.763497243559641
2000-05-16,12.02435336607041,3.5666935761851883,9.321202630466221,-14.350010972100355
2000-05-17,11.862944669540026,2.9056594231807003,9.442447284335959,-13.930008706284566
2000-05-18,13.449912583437415,2.107625371041809,9.221664681055824,-13.504847203601502
2000-05-19,12.656405380747126,3.014522694221993,10.088506361576663,-13.482020271694372
2000-05-20,11.590934804806228,2.4378006086209556,7.846641914880183,-14.442755380268872
2000-05-21,13.226927320845487,0.8912864419994977,9.20006725858042,-14.161242669216083
2000-05-22,14.166887814451819,-1.017587473204712,7.9025223500122905,-14.153937858881772
2000-05-23,12.325062788338732,-0.8060138058011851,8.331644661137595,-14.60669988174741
2000-05-24,11.252544491103256,-0.5878466527904234,6.083248447669741,-14.002190887623508
2000-05-25,12.54081809065946,-1.33106955836428,6.746429184684604,-13.492722755360997
2000-05-26,13.857259718878296,-0.8389430485497027,7.0857574558712395,-12.192058463808205
2000-05-27,13.456080908600237,0.10704920069271262,6.619401000661628,-12.807929104291977
2000-05-28,13.061808028649937,-0.2090024833255359,5.845960456132716,-13.008984584107978
2000-05-29,13.578929142363735,0.27291641777820774,5.521480206267827,-11.8878914941402
2000-05-30,14.09484398568793,0.26620368517188414,7.021831796740706,-11.862383490368376
2000-05-31,12.715376184957298,0.07411049739252693,8.688958551152123,-12.556385717424682
2000-06-01,14.133260551716246,-0.2511238645976822,8.41524998811444,-11.182738581205616
2000-06-02,15.50776547321919,-1.2007540942825143,7.371006643637207,-9.9452231144316
2000-06-03,14.945168161811615,-2.044948718767672,8.34870350014371,-9.797875524360677
2000-06-04,15.98051620865696,-2.917284387444021,6.6082695287318,-11.08143954960135
2000-06-05,13.462182510456685,-3.6131521888762563,5.21286913760996,-10.859179815050052
2000-06-06,14.01618393639477,-3.1250153204872992,5.658193972657064,-10.215504142967571
2000-06-07,13.614536297704852,-1.2298364114108062,2.7401239604549428,-9.827937498615702
2000-06-08,12.59634551378242,-0.6265412795988311,4.55969647592082,-11.26198736752758
2000-06-09,13.292644352639837,-0.17361939363729195,6.066473264327473,-11.294881699565586
2000-06-10,13.952205631250967,-0.26074056669801077,4.698450644905613,-10.188473417308074
2000-06-11,13.705750338837245,-0.8119798520130785,5.334353484715956,-8.930818881703527
2000-06-12,14.900696434564452,0.05218027262090652,4.031925033838911,-7.394953315476963
2000-06-13,14.999187351295063,0.09331829499601432,3.809505769932969,-6.3806189039862895
2000-06-14,15.338650376098729,-0.29777344553339835,3.398047496323984,-5.349682473345615
2000-06-15,14.265275271288326,-0.8960694760656206,2.366227687409906,-4.461523905934918
2000-06-16,14.198070209443841,-0.36599778825128704,4.509904721441189,-4.055033277730778
2000-06-17,14.857332924163691,0.19577194097009554,3.5055512535295312,-2.0749395167960376
2000-06-18,16.4117732841293,0.044953824440593204,2.8323998316556476,-1.326450060851174
2000-06-19,17.079077181976125,-0.21038791735186557,3.488389576732324,-0.41170902064030046
2000-06-20,16.54488808545351,-2.0076167238960885,5.389752277511253,-0.22188167744183343
2000-06-21,15.646638063898301,-2.4276324649206096,5.076904221833893,0.13921370421459514
2000-06-22,16.94111778334868,-1.105432584422214,6.379799676001828,1.1039723366797383
2000-06-23,17.17813381298001,-1.2228129966369663,7.852785338099278,0.6425846599021948
2000-06-24,17.057977759812076,-1.7805070741401792,7.920074983483929,-0.07147895848851749
2000-06-25,16.030789906656448,-1.38336452091507,8.110858644632856,0.5868870398767121
2000-06-26,15.252144136567326,-1.2457815302173056,9.890413285415075,-0.029591233578018405
2000-06-27,13.814336431378345,-1.1809073779600616,8.122579487666137,-1.7791787332525837
2000-06-28,14.962606077213728,-0.8671496774646205,7.2130881570602,-2.7277574622235017
2000-06-29,13.47494974151876,0.9490222327712475,7.531066152703571,-3.220965358338535
2000-06-30,13.98754579736001,0.36909030752968086,6.205922923498212,-4.24624972898955
2000-07-01,14.337209331424477,-1.917333124396745,6.983553991653982,-5.344973072309978
2000-07-02,14.155194597207482,-3.777357065850752,7.499070774212709,-5.340888058440765
2000-07-03,14.046639354001703,-2.3941349028537107,8.735726056517658,-5.018168669172869
2000-07-04,13.877775992011763,-3.1549627709848034,8.348030072233492,-4.81301329271257
2000-07-05,12.341027863391279,-3.2086843699943763,7.514520084335059,-5.228278913311869
2000-07-06,11.778935624106127,-3.590059562214793,6.434466922258694,-5.074271652330819
2000-07-07,12.015889465991204,-3.4279727119091783,5.660111063309322,-5.746118702482947
2000-07-08,12.046689586107002,-3.3145245365683365,5.484531240009936,-5.691584354282653
2000-07-09,12.463438327518835,-4.445587649415553,6.8727038542246275,-5.4819875067120325
2000-07-10,10.975179213902233,-3.1731666873004807,7.954522835767891,-5.118437690093143
2000-07-11,11.555073527596647,-4.347947641917155,9.48859557922616,-5.284763041968089
2000-07-12,10.001159994095026,-4.678028221052677,11.434509508456124,-5.811984306008115
2000-07-13,10.919852782879635,-5.555572688255907,9.414778859366582,-7.589002035417476
2000-07-14,10.477397142685962,-5.74329693304105,10.68337498161532,-7.271144534284958
2000-07-15,11.570641528720106,-4.827966620666858,11.933029483953257,-6.834920024333853
2000-07-16,13.04899244176169,-5.1815824416901535,14.188490837150045,-7.308496525675816
2000-07-17,12.274732288693428,-6.174000675110828,12.531249456172056,-6.738956125431617
2000-07-18,12.579805139041023,-6.906887347753433,14.015058348804374,-7.782778730252437
2000-07-19,14.077263201512423,-6.0172125935854455,13.859532021995959,-7.992538457383663
2000-07-20,14.274105766188486,-5.818845592844461,14.82236834183591,-10.546725600205631
2000-07-21,14.739334242710228,-4.039910066861712,14.724981560941067,-9.89614868350885
2000-07-22,15.671810290691601,-4.898917787247787,13.81564468283426,-10.338295555573813
2000-07-23,17.019087476031103,-4.522917846613375,14.441818474499494,-11.547671038200333
2000-07-24,18.021212518615712,-4.273668923450176,14.29522900724617,-12.455969775510422
2000-07-25,19.699054859511342,-5.275784708417376,13.521329175130422,-11.661407236444306
2000-07-26,20.3695557175542,-4.5605018080764825,16.104875297183533,-10.334537884366698
2000-07-27,20.628851312446024,-3.7728825370995844,16.86089578461401,-9.369851525682593
2000-07-28,19.185855676970647,-3.788725809818717,17.1766684257607,-9.678243930557661
2000-07-29,20.31392389885627,-5.271866742351792,16.373020653901413,-7.323074644244672
2000-07-30,20.33968361475565,-5.842596713261616,16.722789299484738,-7.826473912079587
2000-07-31,21.22911003531092,-5.65995247676207,17.598704105633285,-6.285300797342374
2000-08-01,21.389183290383237,-7.365275981179455,16.559442795712528,-7.4088144735589205
2000-08-02,20.407275400978747,-6.58921245805436,16.043584325138365,-8.941558123507598
2000-08-03,20.195210420200507,-5.94455104888243,14.92259795584646,-7.087438319385193
2000-08-04,21.492215999400106,-4.273594459651908,14.821134706083535,-5.307686189138707
2000-08-05,20.425198229304865,-5.114492498293578,15.544465722417883,-5.407555013302341
2000-08-06,20.903175221453044,-3.794959161261594,15.842902334490272,-8.008051952155505
2000-08-07,22.26783925170036,-2.430916558202923,14.865494750185205,-7.690765743496262
2000-08-08,19.445985382101064,-1.5386257531679592,14.915209139706125,-8.362391647034872
2000-08-09,19.287577386563417,-1.7748927261611724,14.945573548684948,-9.514753634013328
2000-08-10,19.706852327641748,-2.497259907661954,14.399764519677522,-10.388882221098477
2000-08-11,18.87139901532504,-2.2613377085500166,13.17819024027471,-10.295518358421553
2000-08-12,18.15611758774012,-1.843728887355721,13.860511099813918,-9.515863386855111
2000-08-13,19.75718356545264,-2.682612009073064,13.965352531882314,-10.785358468943118
2000-08-14,18.920327332417656,-2.3009658420277774,13.536033267564546,-11.304048875567723
2000-08-15,19.824079521813704,-1.747785848397438,14.02289054548297,-8.558266867231591
2000-08-16,19.83325826572646,-2.203094572787251,14.893965133111104,-8.815429580215332
2000-08-17,18.636653963623793,-0.6845690351670672,14.777782525989842,-7.086441364805704
2000-08-18,18.812742111805964,1.0261313437978814,13.91218569517115,-6.912823901348394
2000-08-19,18.125901534670263,0.24615785457225636,15.981373145978795,-7.25647349154122
2000-08-20,19.07176531863798,0.361946476618563,15.179208556645515,-6.993963257174627
2000-08-21,19.52972489844667,1.0546374619275571,15.667620456071418,-7.1657163137474456
2000-08-22,20.614782138594634,0.6703931667286387,17.05781328534226,-6.0886874403948354
2000-08-23,20.717476299337008,2.9179741575645304,16.941524445606564,-6.554683272165093
2000-08-24,21.065143078718854,2.2403822482949316,17.59250127235541,-6.419138488073947
2000-08-25,22.99906420705556,0.5350846556793258,17.72521506908713,-7.485973861166112
2000-08-26,22.036403163991295,0.4220303063428618,17.69113340070115,-7.379920096454894
2000-08-27,22.610619984139362,-0.9553192748008985,18.43162680163842,-7.686397546820491
2000-08-28,23.03152527313406,0.33309409235190635,17.930246989467022,-8.963135422241605
2000-08-29,24.158364389981234,-0.8912965054370958,17.993950516576245,-8.062112046864456
2000-08-30,25.245788445346005,-0.7802707225817869,17.850578163770056,-7.4685896850042655
2000-08-31,24.749618043181414,-0.03255439101419544,16.58611292702733,-7.916611696703845
2000-09-01,23.364214685149438,-0.04867170824552118,16.269277811700764,-8.967053007957542
2000-09-02,22.227723412336157,2.1348592365109478,16.639136269167096,-8.581943806205272
2000-09-03,21.84935415490178,0.29274513550768133,17.784368085722953,-8.506271338706588
2000-09-04,21.015606185394642,1.1812970877500486,18.235327319654704,-7.534249072792261
2000-09-05,19.91791821836226,1.8412043773087492,15.88966401181007,-8.763363001498707
2000-09-06,19.178529815143715,1.6671477828371757,16.39586715210562,-8.92815146425429
2000-09-07,18.88015566809566,1.6768221793145668,17.586074657816667,-8.378951798479836
2000-09-08,18.16181563584282,0.2716319861622456,18.881403873418396,-7.554671143481901
2000-09-09,18.957657760948926,-0.10905809936897498,19.460410534179125,-7.147713805689825
2000-09-10,18.595838566560843,-0.2042553288318386,19.681356702026907,-7.986741443893658
2000-09-11,17.15732668112826,-1.2759374605456553,21.381335383395648,-7.074149530525777
2000-09-12,16.789402558756304,-1.2956031573827653,21.24920164376881,-8.267870002478986
2000-09-13,17.292629468686044,-1.4059894740349697,21.060488919581484,-9.062125743530938
2000-09-14,17.994018143041533,-1.1893661350207707,23.663814059899096,-9.33632169017729
2000-09-15,18.79465648715328,-1.5512926342617335,24.466375884892447,-8.775840637544706
2000-09-16,21.024102979056998,-2.621599638798438,24.396551154179942,-7.573454095667559
2000-09-17,21.300861427951276,-1.953632029519813,25.410923589621568,-7.338154726072688
2000-09-18,21.934065482201795,-3.8659271697719317,25.78969393951742,-6.815099739054272
2000-09-19,21.006876653413997,-3.900377436111136,27.00140458358983,-8.259431968412297
2000-09-20,20.276120347604873,-3.7312802901060644,27.401437811625996,-8.60053712895778
2000-09-21,20.083444166731862,-3.2274778949868517,26.78541069937428,-8.076340224325456
2000-09-22,20.72073081166571,-4.4755757213557334,26.952617556241204,-7.634050131441398
2000-09-23,21.563700696301478,-3.6857063432691795,26.191173049466663,-7.229595789271971
2000-09-24,21.203310480713988,-3.359362854517463,25.496939959051037,-7.687619268607426
2000-09-25,22.44072582453409,-3.3307158013961864,25.930240378071574,-8.006948124992844
2000-09-26,23.746101059148604,-4.017814358908483,28.390903857559397,-5.936357172511084
2000-09-27,24.161855161176213,-3.994205267954933,29.271140266109512,-5.466932610031679
2000-09-28,23.495186103891314,-4.344383061323453,29.887057675420003,-5.071715661816933
2000-09-29,24.20932670506708,-5.767486046252499,30.38932276521134,-4.181379196041138
2000-09-30,21.866863743941728,-6.704687098878716,30.827948302756297,-3.431796433240208
2000-10-01,21.32441571966265,-7.82114508608277,30.745937407000646,-5.21379003468062
2000-10-02,21.88244327847776,-8.050040504408916,28.697537334262403,-4.665756891647845
2000-10-03,22.569410634890346,-7.083705716596957,28.972993689398375,-4.037638355358154
2000-10-04,24.004196605660177,-6.583805705169281,29.436850594213745,-4.726383160963389
2000-10-05,22.730435810367705,-5.980816680858186,29.444024267986713,-3.958058082197928
2000-10-06,22.382420353498567,-5.02139467834588,29.013941874562786,-2.7945755150097917
2000-10-07,22.174060129616564,-6.834190782124167,28.934700141793545,-1.1573931933322181
2000-10-08,22.474165357509726,-5.242046832454493,27.959068743292192,-0.39701088077995983
2000-10-09,23.243931434375877,-4.664115160640421,27.190825074870386,0.42477227515462357
2000-10-10,22.134073099830584,-5.601216336530944,24.67687351386214,-0.33921286828965014
2000-10-11,23.52703648978419,-6.212148717997951,25.545746076399478,-0.819242684086128
2000-10-12,23.570387395571217,-7.516487878795287,26.64763789821204,-1.6068099041186075
2000-10-13,21.593653388705807,-6.8276615229314075,26.224816302434604,-2.02256354188819
2000-10-14,20.439618538571164,-8.396708548591851,22.687626779517615,-2.386294948247575
2000-10-15,17.73548397418146,-8.533490029116063,22.17981476888309,-4.128861533843033
2000-10-16,17.833003986933473,-8.97197466321403,21.716455452459353,-5.845051412099126
2000-10-17,19.292155127593244,-9.188530033516987,21.195115665039477,-5.653147065449707
2000-10-18,18.29359350220255,-10.17785665571864,23.608587843116617,-5.214731046708706
2000-10-19,20.79423490804907,-10.615936094477561,22.473508408653636,-4.977065595239824
2000-10-20,20.285284376017483,-11.846066401154628,21.888233903858236,-4.717630954903183
2000-10-21,19.80666254124587,-11.282284541102552,22.195083360895204,-5.540575809988134
2000-10-22,21.104236827879657,-9.368016149116473,21.841947927013397,-6.004057656435512
2000-10-23,21.302504925583484,-8.898016933547995,21.156439806463062,-6.39916446306886
2000-10-24,21.79379062682398,-9.04926458113268,22.558784508084706,-7.34074843683155
2000-10-25,20.573425695733768,-6.966599117619288,20.2729923023124,-10.081937653220406
2000-10-26,22.328700930498716,-6.489482183074344,20.083191749011217,-9.082664362266742
2000-10-27,23.009783147749257,-5.977717352687319,19.66474333961068,-8.777675412279756
2000-10-28,22.43116221669263,-7.269203576275807,20.749182434131093,-6.5058581571801835
2000-10-29,21.390801457389053,-9.060467790809307,19.92316557879107,-2.683547935408596
2000-10-30,22.95847377658352,-9.450469301062189,20.95105261909425,-3.86643112388803
2000-10-31,22.632611049260206,-8.393817160250599,19.93162173508733,-3.9021551784578343
2000-11-01,23.27245853602146,-9.950186095734857,21.337126332997276,-4.285975206046678
2000-11-02,23.04792671443689,-9.145044997793253,22.503067134524077,-5.0662624044430595
2000-11-03,24.979292872546154,-7.595835642560614,20.42322180616027,-3.2763731192490653
2000-11-04,23.24071702540624,-8.208010325516819,21.487717817514373,-3.757504863214418
2000-11-05,23.085325334582407,-8.506408947210327,21.880603962715472,-5.354807895162683
2000-11-06,23.207426113007553,-8.557437394241031,23.111710295927402,-6.20175528086533
2000-11-07,23.583738628487442,-9.188488521454506,22.87787059141565,-6.809154066556541
2000-11-08,23.381249904308074,-10.398422214709953,21.99604039944795,-6.596817349998933
2000-11-09,23.284117920830877,-10.658099529636436,20.725683394778155,-6.640529940708455
2000-11-10,22.02223963051119,-10.50790647668365,21.076071773473476,-5.81855504369849
2000-11-11,22.381251800995102,-10.642685185525451,21.96867360513065,-5.679427765366528
2000-11-12,19.997864178281667,-9.849411371796897,20.801584353369925,-5.770954871477756
2000-11-13,21.52341487092243,-9.80333696096574,21.12385193392965,-5.8665246142078855
2000-11-14,21.639669873141994,-11.872300144123596,20.27947290777477,-5.711021245936429
2000-11-15,21.932277920899228,-11.043336745517655,21.47282462374143,-5.579755941475785
2000-11-16,21.529344503675446,-12.35217365834197,20.37167739533093,-5.400413987298467
2000-11-17,21.911251704643412,-12.60816798763484,19.081046859310472,-5.361996006353548
2000-11-18,20.504966657098258,-12.592715684307523,19.831917413938,-6.164279285334613
2000-11-19,20.25399674680715,-13.70121882017992,19.45091783654549,-8.026976216757387
2000-11-20,20.503457670864623,-14.162006373498349,18.79097437254704,-6.6868945594764195
2000-11-21,20.763739363807453,-14.044506530715253,18.906333209108265,-6.716151721938674
2000-11-22,20.859501194019234,-14.921621134918299,17.67988912156631,-6.6161778497643144
2000-11-23,19.136649964965176,-13.248912632744764,16.931319797638917,-6.0985708806514305
2000-11-24,19.34690054211426,-13.143330470221343,16.3648741826235,-5.775008593385474
2000-11-25,19.594733065966658,-13.243159261119372,16.78149478138473,-4.2976869553324715
2000-11-26,21.471887908169258,-12.210553345979834,16.494607085994804,-3.690640970873255
2000-11-27,20.851360385931923,-12.960774636159561,14.813993445843836,-4.163013076008763
2000-11-28,20.79206222588863,-13.605436520624728,14.627306555764301,-6.032337532886693
2000-11-29,17.61752920574993,-13.310527720076982,13.827602807082627,-6.340875425425188
2000-11-30,18.213361697768775,-13.186536042923308,13.343726577145873,-5.1086997125354685
2000-12-01,17.252481211887446,-13.939946962828127,12.55477671260867,-4.824437204562423
2000-12-02,16.94897006051978,-14.606474083717067,12.575913168689922,-5.672593432466561
2000-12-03,17.66126807499788,-14.994039552673598,12.398940947330436,-6.836374817044509
2000-12-04,18.100267303974444,-15.57415557738795,12.22565622025647,-7.125166595254062
2000-12-05,20.456968757188214,-14.605686608384229,11.603169217827679,-8.857632278040464
2000-12-06,21.015853310581026,-14.311336526056792,12.6547426900244,-9.199384068971964
2000-12-07,22.763954440909913,-12.877608746735682,12.017448450882364,-8.694310900175688
2000-12-08,22.990749919700566,-12.777213038746757,12.964384782515324,-9.900836883580292
2000-12-09,22.152020969608788,-11.902534386620937,12.098491558041253,-9.64646341432501
2000-12-10,22.5171030564257,-14.150505066948128,12.929406626147808,-10.27970964688626
2000-12-11,22.254072978109953,-14.428934916196368,10.381403556383502,-10.069944416495984
2000-12-12,21.18862728550469,-14.603108556668483,9.308346978053775,-9.610638847192806
2000-12-13,20.02141412757464,-14.411612313450421,7.357173800401983,-8.936757258530827
2000-12-14,18.61384597483521,-15.01017134413058,6.137841532198586,-7.4290927323220926
2000-12-15,17.100467714696226,-15.666053311868444,4.961060118814808,-7.3247942141850695
2000-12-16,15.262174868398896,-16.863601066816692,6.936352059090366,-7.5536201968302334
2000-12-17,14.92876490978852,-15.113826155900576,7.063714925378114,-7.106595342876376
2000-12-18,15.819136956851946,-12.642888852418398,7.438011524356316,-9.151192324791783
2000-12-19,15.806133498481637,-13.630126646944138,7.638997649479352,-8.745314087751964
2000-12-20,15.242607763710483,-12.891145432245972,6.646203091572251,-10.642968634699576
2000-12-21,14.454508578669978,-14.328975736388573,6.90861194381781,-10.110395449193225
2000-12-22,15.356147118359923,-15.83737510878565,8.1798370520081,-8.746946756897865
2000-12-23,17.313075298851903,-15.551555931024811,8.420663370232404,-9.070426068791086
2000-12-24,16.74622481256412,-14.707890842451002,8.190889308834604,-10.644259371944663
2000-12-25,18.11372211612404,-15.778012003869852,7.931357017461129,-10.376088336288612
2000-12-26,16.846394828331636,-13.973236276799895,7.634952521652562,-8.59565292237134
2000-12-27,17.14024716703955,-14.50069309608979,8.340744650782693,-7.8528129483185936
2000-12-28,18.70859229355442,-14.236488435694183,8.470403284556673,-7.8440116550084795
2000-12-29,18.00337345429189,-13.801238393401334,8.152051060652408,-7.026487788734231
2000-12-30,17.009701727815155,-13.451912814071129,9.153319497518147,-7.828468968345739
2000-12-31,16.767150064138995,-13.90544162447738,9.061325750469369,-6.435580448131265
2001-01-01,17.10340518290465,-13.500684845381834,8.460645753237651,-6.065510154393438
2001-01-02,16.95018789210708,-15.99225725023736,8.052794579935073,-4.3230243311449135
2001-01-03,16.88064545636607,-16.638224525399178,8.408640726595845,-4.960277539135885
2001-01-04,15.99152686711997,-20.088860365618103,7.366168505467783,-3.7061940210267195
2001-01-05,14.683979334852541,-19.647885120741943,6.539888978609808,-3.659543739833974
2001-01-06,14.37329629230724,-19.643874628258867,6.705938744572737,-3.2847009862956367
2001-01-07,14.684563495207062,-19.77740881162302,7.879850201110747,-0.7254984453798441
2001-01-08,13.392426608244886,-20.186473725815272,8.981252119099675,-1.6451272883409602
2001-01-09,13.965289761575285,-21.136253931949508,8.044133892245766,-1.75937177621289
2001-01-10,14.274181594468573,-22.086455309502192,6.241819152730104,-1.0718004223423938
2001-01-11,15.094162913685526,-23.65614472688075,5.70957724628257,-0.737577461499311
2001-01-12,15.767253610434226,-23.590456296225288,5.683652152788562,-0.8642151964831977
2001-01-13,14.502777971984477,-25.548992862070453,5.074017569115962,0.7835767516169116
2001-01-14,15.045934717716506,-25.41200070623317,5.709545887559592,0.5139326710877274
2001-01-15,14.950980204417192,-24.909755397853093,3.3606329669268287,1.029980062277243
2001-01-16,15.71021678947463,-24.77503173030065,2.1921717930105014,0.8521401738494814
2001-01-17,15.93140924868883,-24.510651159545592,3.379110079759222,0.005431257498457631
2001-01-18,15.898243230744216,-24.589946524833348,2.3818523041303172,-0.5335986236088228
2001-01-19,15.682114043887331,-24.897579497120823,1.0980839800984992,-0.8341690562778086
2001-01-20,13.942463128084317,-24.996013843330697,0.780642697946622,-0.27725807642313904
2001-01-21,13.006149092948444,-23.650318253962553,1.8044646884761621,0.12361983765966122
2001-01-22,14.738772216623,-21.75040596160441,3.5239325281690466,-0.2344488288197803
2001-01-23,15.89852978011729,-21.85514837491499,3.870805068094394,0.6445051731210707
2001-01-24,15.003685354690838,-22.819924586526113,4.1397741686060465,1.6843796664524822
2001-01-25,16.04742934404754,-22.143187148173343,5.80629280771925,1.786937615845599
2001-01-26,17.189817839961215,-22.76070442339276,3.9683395758273354,2.8196351651080223
2001-01-27,17.48592209296297,-24.384161686446276,4.394232144106075,3.415339319520273
2001-01-28,18.47051351732423,-23.599330378131647,4.043466253804801,2.0435081512663014
2001-01-29,18.79536133732159,-25.924217960793733,4.260098674470625,2.3134536675429134
2001-01-30,20.02714880630522,-24.99678116547196,3.3000885580541173,2.3550066611632716
2001-01-31,21.028216192887346,-24.954150822306143,2.861820923073785,1.1399877814236115
2001-02-01,20.72546246524314,-24.75618786622463,2.857531733973986,2.760010078763964
2001-02-02,19.721885977792734,-24.48538371476339,2.3643354903504017,1.9336061400346956
2001-02-03,18.75324021852669,-23.559289314517248,3.676342287627209,1.707669673881556
2001-02-04,18.686508457521935,-23.65787889305861,2.8114649744642244,3.8261515151990686
2001-02-05,21.184944827749998,-21.430228544683416,3.167544732866519,4.902422180868718
2001-02-06,21.18098096658656,-21.145139002458166,4.438688868809669,3.2822639280144514
2001-02-07,18.53890427480313,-20.90612428965841,3.720460433877755,2.253116731365922
2001-02-08,19.506078544245536,-22.343681665640474,3.49183625628345,2.063421558110527
2001-02-09,19.71547380063317,-22.980057388309472,5.421589466048418,3.265223926179948
2001-02-10,22.73802669301087,-23.44172048534057,6.669280770381872,2.9967130557407344
2001-02-11,22.103478951734306,-22.667160941547245,7.9769301770259435,2.930817180304275
2001-02-12,21.531503647269773,-22.93670165446308,8.218696340541843,2.849626845316582
2001-02-13,21.327303393027915,-21.91114431401702,7.591133365893643,2.0799150330487675
2001-02-14,22.459687028784508,-22.61508008691741,9.404973236819565,0.3782076282192699
2001-02-15,22.432123283522685,-22.176753975245212,9.649489265714758,0.5141143273926007
2001-02-16,22.917364339388804,-22.48894988190469,8.922047667908338,0.5758529844417557
2001-02-17,23.867173878737358,-22.330918297540833,9.688321308524513,1.1140365531817362
2001-02-18,24.92921427825376,-22.02805036698669,11.093404808327055,2.9302698947374273
2001-02-19,25.59681306972398,-22.49642804129043,12.69435266485377,3.0568924029450866
2001-02-20,26.359457793310145,-23.510094196281102,13.607867910203854,1.9124887533092263
2001-02-21,26.797020783290527,-25.401355272320828,13.360033123958983,1.617661658676782
2001-02-22,27.000322189347106,-24.508164293915563,13.907954861033971,1.1486004594005403
2001-02-23,27.632726296038253,-25.32482901956822,12.540065676160731,0.6246513112449363
2001-02-24,28.659743149357702,-26.337734200912617,12.30509918768781,0.9601765877336419
2001-02-25,29.196347535728044,-25.969701909791784,10.888033689728205,0.7016536982773613
2001-02-26,29.287440931142857,-24.379563157661227,10.90946113064273,0.10503351830751229
2001-02-27,29.278343607994877,-23.59193377870799,10.727667541980065,-0.6337678427451298
2001-02-28,29.122656638128237,-25.038570941036337,11.183230628786964,-0.1149032787071328
2001-03-01,30.000317676943087,-24.838995694752033,12.237422368894254,0.08414896389804638
2001-03-02,31.51008720130012,-24.475223271246044,12.30506585526914,1.0927973332507703
2001-03-03,31.293225784695554,-24.619001602347566,12.93752838431814,-0.43267225391487085
2001-03-04,30.163969989750644,-24.862661687872333,14.187526114761805,-1.1774580040751705
2001-03-05,30.458852955053278,-25.310871932049217,13.035084785956705,-1.3767137127529563
2001-03-06,31.0490269657459,-24.45825038382031,11.046541373610363,-2.2465046406635625
2001-03-07,31.419104708945742,-23.54323470940358,9.853437338801685,-2.430711221118453
2001-03-08,32.97209638986939,-23.376617125378832,11.279845402250112,-3.0647352906689957
2001-03-09,34.082900536611895,-23.61611983608455,12.998131386162266,-1.7902748539718796
2001-03-10,33.89224318057815,-25.723858101405597,12.89436225629511,-3.3241894401509806
2001-03-11,33.82864922155095,-24.35208585528131,14.314743609488053,-1.0969439613937322
2001-03-12,33.18672942763074,-23.68113969049993,14.3742824904725,-1.2786888617826166
2001-03-13,33.954649033759274,-24.512785033084032,13.25868700362383,-0.34577769876396314
2001-03-14,35.02720015778176,-25.236699299863286,13.626503584836023,-1.1083140614916762
2001-03-15,36.62301241744129,-25.735584930312413,14.42064539661107,-1.6082722828915608
2001-03-16,35.62479046808954,-25.836281778776005,14.186789477776385,-2.0441744407338973
2001-03-17,34.310753289206275,-25.708588207569832,14.928696518764095,-1.860379806877571
2001-03-18,33.608837667264,-24.663163887817213,14.24159203844814,-3.869201479674535
2001-03-19,34.309455033888675,-24.15143533199449,14.416939521827702,-3.514825812076997
2001-03-20,34.527297549879215,-23.129653823701606,14.842699198119337,-3.8176970156810555
2001-03-21,33.34149379217175,-24.901117421233188,15.712268608265308,-3.0729509452182127
2001-03-22,32.14704803565772,-24.281682099987897,15.782937310076992,-2.341548545197094
2001-03-23,32.29801859183941,-24.664960783840684,17.50807057835224,-3.456279110276256
2001-03-24,33.271872816437266,-25.634785705697716,16.884594348724416,-5.75727581812669
2001-03-25,32.754065450471096,-24.204951465562264,17.296377828797254,-7.125982861798535
2001-03-26,32.65086565516133,-25.901285907552158,18.41918830251558,-6.220967279361799
2001-03-27,30.527536270754737,-25.87655507808772,17.985206087468274,-6.066968144520306
2001-03-28,30.60129575942437,-26.871886259985782,17.269671915404523,-6.09344980373067
2001-03-29,29.385156572569482,-26.728567086123327,16.278351692944703,-5.363389390959511
2001-03-30,28.973038934356527,-24.888889188039176,15.735947654627934,-4.734838096011637
2001-03-31,29.523455627803607,-24.956665462927102,15.87667679745917,-6.640148851973694
2001-04-01,29.070032698511763,-24.98691569060258,15.08224923057793,-6.953173114762523
2001-04-02,28.100959367290187,-25.491680959839364,15.809090320715692,-7.4268225696294765
2001-04-03,25.934177560829525,-25.006060941293867,16.756100877955454,-6.3196439765875745
2001-04-04,26.053284944823226,-23.50107959866513,16.77496434440171,-5.110886637305322
2001-04-05,25.1988846686565,-24.40029211128712,17.845149877446538,-3.5006184128756503
2001-04-06,24.923346768506573,-24.39102523128013,18.281549369556103,-1.7417667824965453
2001-04-07,24.92095049996659,-22.680654012291523,17.52109216364287,-2.7212960856324644
2001-04-08,25.438733848376632,-21.741966352158826,16.982407272715538,-4.1519050298641265
2001-04-09,25.495001139176818,-20.39728615853779,17.20048554656467,-5.575838086383778
2001-04-10,28.148641686153162,-19.588722309232445,15.569225108486087,-6.435591823445481
2001-04-11,27.42023563332411,-19.96144696099735,15.697737898301694,-5.765906662325968
2001-04-12,28.09985541798722,-22.425646541234332,15.2576614398766,-6.175594853654591
2001-04-13,30.224121185060145,-19.551505110371984,15.177557158327026,-5.709038803724193
2001-04-14,30.294196408712843,-18.553090032912927,13.98958586756027,-3.503058080363153
2001-04-15,31.072645591534943,-19.245218818810965,14.971575763587634,-4.338460724451771
2001-04-16,30.628736262297526,-19.57936278613194,16.662514583657764,-4.613709738027444
2001-04-17,29.562379384398078,-20.654993387321078,18.05596434130042,-4.127433607615579
2001-04-18,29.823167823529076,-21.058487955463093,15.787201218907338,-3.8622494319687704
2001-04-19,30.057886601045453,-20.556775942164887,15.762417750908499,-3.1350669647767084
2001-04-20,30.287973484846223,-20.57504752978859,14.553046389599805,-2.9412704737264694
2001-04-21,30.23609129493469,-21.414857114808505,14.653640818290272,-3.55351298268113
2001-04-22,30.368055979470583,-20.707016284262252,13.68389843608429,-3.4093690517162725
2001-04-23,29.871666027867676,-19.43669737053753,13.329789410888692,-3.3115821842830337
2001-04-24,29.928678218991696,-18.49695734222183,12.699489394477455,-3.7857329161449593
2001-04-25,30.293235451584845,-17.549800321280014,13.365048530790155,-3.8822845060791247
2001-04-26,28.28624432638096,-16.856176799367457,13.797304416601936,-2.209289962317298
2001-04-27,28.801697600382795,-15.940535252793769,13.390864301878473,-3.1242489873043775
2001-04-28,29.254889217299468,-15.386636178743125,12.863856036910404,-2.9707145936586863
2001-04-29,28.84758273469873,-16.736356139068075,13.444152725284082,-1.389991495267735
2001-04-30,28.469481489781028,-16.19279999210477,13.718687987797173,-0.6543182860088578
2001-05-01,28.611718491494923,-15.341018312889807,12.500416599474654,-0.29069171247994335
2001-05-02,29.19273731717989,-16.017608921716413,11.459682623843996,-2.7805490550352574
2001-05-03,28.11520570755235,-17.337029387219463,11.556075189560794,-2.0861914278556366
2001-05-04,29.74507767174729,-17.493854707072042,11.865777787019242,-1.568759417308337
2001-05-05,28.435173452323255,-17.677056407501603,12.866542720874788,-2.522501061223706
2001-05-06,29.517036740241554,-17.80521864199613,12.108661186218509,-2.1670982797494704
2001-05-07,31.383757795670107,-19.26139334535946,13.031860440275992,-0.19050353622841465
2001-05-08,31.412007568993104,-19.460675886252037,14.096967970987563,-0.5974988395928286
2001-05-09,31.16127125624214,-20.075937572312995,14.116418952664937,1.4060339065994425
2001-05-10,31.54539789428225,-18.67507647044573,13.610257437049755,1.235038149621664
2001-05-11,31.77965528448708,-16.271049011437743,15.154951607954573,0.6513889060406705
2001-05-12,32.12566949798945,-16.389788271957023,15.782906705473541,1.5662652222394708
2001-05-13,32.52531231072416,-15.31948112245451,16.733110088774602,3.9020325587259066
2001-05-14,32.06909375448034,-14.686509689147679,16.49168864610194,4.337576616771833
2001-05-15,31.23399025147328,-15.392705047143076,16.11946554496447,3.419320579589372
2001-05-16,29.90530671004097,-14.891514844211356,14.85643153921135,3.604913874402602
2001-05-17,28.704097001486215,-14.501853046645493,15.125300598659624,1.8762757586051193
2001-05-18,29.237708560340888,-12.668412670348122,16.410583879635535,1.727886966938696
2001-05-19,31.542918780833894,-12.642348772754394,17.901563570441876,1.3508120440183926
2001-05-20,31.982432535230423,-14.424162367222081,15.577374104792636,2.150576608610507
2001-05-21,32.05421946558515,-13.162435707594817,14.432233618764439,2.81932565736635
2001-05-22,32.649359315201515,-13.579213264538675,15.136887492900774,0.9720063066261029
2001-05-23,33.36409303285238,-12.960242558116637,16.147611168663335,-1.4118876722756937
2001-05-24,33.18340986627529,-13.381759618280016,16.454665844983978,0.6663811057994395
2001-05-25,33.40531366472351,-12.063759217476447,18.29152121858135,-0.48560754752937485
2001-05-26,32.82938569345502,-11.658685705872577,18.233317265484075,0.8252206824122466
2001-05-27,32.37147427753409,-12.412650227615332,17.621323604336208,0.5726100657173556
2001-05-28,32.81988456818243,-13.478662104835365,17.40518109855015,0.9347585629448876
2001-05-29,32.358354941367324,-13.339318984196245,16.27496977988351,1.3969325244183954
2001-05-30,33.23116558092779,-14.445781954626884,16.565633374590988,2.999624707972833
2001-05-31,32.785505284827295,-16.430779245362075,15.639167023298501,5.39726579368694
2001-06-01,34.06657154329461,-15.457255375718141,13.851944803159926,6.681133089068851
2001-06-02,35.25174959352594,-16.083045076013995,12.478923289472473,6.4342266921083855
2001-06-03,35.66398813054672,-16.60371609296224,11.72408462576135,5.778729542359818
2001-06-04,36.06580885745903,-17.300095137957893,11.734134429705557,5.549264269499485
2001-06-05,35.410456465904225,-17.656606562596686,11.432910557706656,7.326205751452304
2001-06-06,36.274085569514696,-17.355691696585,9.132420504093611,8.85958512939892
2001-06-07,34.84936786137172,-18.427750094184926,8.160991244549248,9.985652497934042
2001-06-08,34.5283486019391,-19.366890396085296,7.3380795833431325,11.304607994784538
2001-06-09,34.951965021315765,-18.838246513352,7.740042837862976,11.415852581716797
2001-06-10,33.55791251268583,-21.15074876885228,5.80637457335647,10.595732139847005
2001-06-11,34.634622976956734,-21.275620400240076,5.20234737507147,10.605719357781355
2001-06-12,34.35824883344393,-22.429395900866048,5.700119664191256,8.944890188221837
2001-06-13,33.78483658492576,-21.858522800230656,4.8359796827897785,8.976519608731875
2001-06-14,32.916474607653946,-21.181700101002484,5.8969192329917375,7.728529616874415
2001-06-15,32.941760055315804,-20.626777712137063,5.2499313538048735,6.700259026604861
2001-06-16,33.94464541269213,-21.28070294529414,5.026169086006767,7.093368130094856
2001-06-17,35.33867130422294,-21.01096826207218,3.185999236986599,7.275109926820981
2001-06-18,35.841831569731696,-20.950844677002028,2.2021065884904845,6.361010522487633
2001-06-19,36.09682804678896,-22.17539921004602,4.391535212162648,6.019906939098686
2001-06-20,37.24642074506309,-22.570399754114923,3.1968043250388947,6.194132305345944
2001-06-21,36.75370545261347,-22.575391272883856,2.1420095545449493,5.613397403509126
2001-06-22,35.05191423188798,-23.77598592524677,2.5370978230363104,6.9288925025282815
2001-06-23,34.483259159434915,-23.53683000270517,2.679685969306046,7.690986267117366
2001-06-24,33.064840282914474,-23.73051596826705,2.749678372286579,8.961284856688644
2001-06-25,33.17332182041448,-24.163392787514177,1.0745570161403244,9.241794001886545
2001-06-26,31.6005327667094,-24.661181027025382,-0.4241365617991648,9.377067968689111
2001-06-27,30.662557726379454,-24.8110889495585,0.3477649740560014,7.44564154406814
2001-06-28,30.513789719665585,-25.03920081718811,-0.39156420258593727,7.408518932156925
2001-06-29,28.260901969793515,-23.700271110717924,-0.5121105477357157,7.256049679669219
2001-06-30,28.834277217082757,-23.04330833807436,-0.2601468418643986,7.417701610922889
2001-07-01,29.820523526717544,-21.024207812555126,-1.8923934829309679,7.354214231840586
2001-07-02,28.29672882129235,-21.107817724683496,-3.0276182429476712,7.3854261998852175
2001-07-03,26.47360277832681,-20.725551061084488,-4.7983547553438735,5.869760426055233
2001-07-04,25.82707231941071,-20.378994000881228,-4.953307943529354,7.987751908779323
2001-07-05,24.401150020278187,-19.994339414001704,-3.489379684681274,8.316979627236806
2001-07-06,22.748441786117613,-16.87998897970801,-3.8790935525585373,7.9733852821992315
2001-07-07,22.88307215399173,-15.260526342301569,-3.0177694885928874,11.132881835660104
2001-07-08,25.250193188635983,-15.54029391363712,-3.540081942863358,9.391528443254774
2001-07-09,23.94674947511978,-15.896246376330383,-3.280401932325457,9.567398740201646
2001-07-10,23.508430723089738,-13.931952235298294,-5.329322773531743,9.53807027420412
2001-07-11,23.065897119522205,-14.61448979574134,-5.28996708085517,10.70589339935968
2001-07-12,23.47698964170774,-15.872240126995155,-4.596336953741384,9.305687197715715
2001-07-13,23.18343133157563,-16.983531401475283,-4.843570219762883,8.993996221986706
2001-07-14,25.014436743652563,-17.32657884487556,-5.298695065428086,8.117490943606137
2001-07-15,23.956338464402474,-18.231225740721552,-5.946720238967286,7.729392732324012
2001-07-16,25.61268749492479,-17.720504522168056,-6.743282490956906,7.662809472259337
2001-07-17,24.360312575663453,-16.967143803379592,-8.204075061702481,7.515991617702692
2001-07-18,24.710454331982564,-16.537460232094407,-8.453379511012175,8.38607788244843
2001-07-19,26.10533243456284,-17.205331530721548,-8.079089056518548,8.267261375377444
2001-07-20,26.481729127879124,-17.655812655771694,-7.3833663975433685,11.12203814981491
2001-07-21,28.262894493379438,-19.030847719185935,-7.904291615951643,12.289430052872655
2001-07-22,29.62478493155033,-19.248268232768897,-6.505521007440374,12.163350752828112
2001-07-23,30.53690405983075,-19.49243241686719,-5.09648763906018,11.864639637950082
2001-07-24,30.565669478929937,-19.36747568039436,-4.565322137628079,10.839502225671074
2001-07-25,29.2357537129224,-17.042230682474518,-5.021314281903822,10.568962169530732
2001-07-26,28.974853179475023,-16.895440934074365,-6.135027875380226,9.95875190663101
2001-07-27,29.09620870739815,-18.41491931968203,-5.1603638276217465,9.468055386700685
2001-07-28,27.84296776009502,-19.087352385343806,-5.8476455220714305,11.015089118920606
2001-07-29,28.234855165249712,-20.930362468072623,-5.3328823996200985,11.616196876419034
2001-07-30,29.691720995628557,-20.58131042787344,-5.692512986482769,12.757092953560498
2001-07-31,29.77802957682407,-22.00446584507015,-6.512379448197177,13.464150209750066
2001-08-01,30.235419455340868,-22.758004100070092,-6.356393856869465,14.015623648561617
2001-08-02,30.432453083322866,-22.926443972840257,-5.199916807868384,13.23759302817164
2001-08-03,31.377846358267078,-25.044446588815013,-4.117223046336794,12.677153008549148
2001-08-04,32.02728706801304,-24.507785468959355,-2.507122431571081,11.9392539820716
2001-08-05,31.655076102596755,-23.976942792119036,-3.3328476256937427,12.050181273283243
2001-08-06,32.92990408874807,-23.901851956493754,-1.9054593319400357,12.298007812464215
2001-08-07,33.06409312304934,-23.393317327480755,-1.0965305029805728,11.198185299389067
2001-08-08,34.30359308883844,-23.676762688401883,-2.1495731460920133,11.326010536859004
2001-08-09,35.87155062896197,-23.33498848514051,-1.6919495679795065,10.853159886012564
2001-08-10,37.59962374547775,-25.169209389286145,-1.312312394151173,11.056615187288841
2001-08-11,38.190893433370874,-25.45967148662995,0.7731401442283037,10.048040542340486
2001-08-12,38.403160962994065,-24.107923209405698,1.5272890309753056,9.784914345508794
2001-08-13,39.89006886357732,-22.8094465335186,0.7120660310011856,9.15911912406193
2001-08-14,40.36043404433018,-23.190791648700003,0.3980360457380469,9.131106698151937
2001-08-15,40.625299760067485,-25.54852939670497,-2.0813385027316853,9.125856832934133
2001-08-16,40.2292433934894,-25.283987399596498,-3.9338212600097715,9.60585359359419
2001-08-17,40.73913314344505,-27.036274548087107,-3.8666602186020786,8.300817455289687
2001-08-18,39.712844670527645,-26.912885578631677,-4.473122467471658,7.7856624061275905
2001-08-19,39.96478301547208,-27.787831188760613,-6.501045419611329,6.125549801803488
2001-08-20,39.92842276070745,-26.35591248092291,-5.689504248500211,5.604778291435144
2001-08-21,39.4775568132778,-23.769858866941824,-4.495894309398075,5.8250885543509145
2001-08-22,40.579361223540545,-23.544851799727546,-4.245501374086245,4.968831408858474
2001-08-23,40.15615654679403,-24.32503461289659,-4.935320265076867,5.790743369372625
2001-08-24,40.62076912179978,-24.533997061359866,-6.079275871999009,5.924024028664066
2001-08-25,40.97854354059861,-25.115006089667695,-6.630328612177687,6.126510014925114
2001-08-26,39.52617693963619,-22.9910686614731,-3.556305370715854,4.40707480136269
2001-08-27,38.915875319230075,-22.97734293050975,-3.7863772562520075,4.111581241467433
2001-08-28,39.70837563234963,-23.303266899906045,-4.657030193170654,2.6381629091734973
2001-08-29,38.530700184625175,-21.671324480066925,-4.625518701203741,2.0216465393416545
2001-08-30,39.73762139304308,-20.503726111498885,-4.024204174146067,2.7456529531531726
2001-08-31,38.86753677612173,-21.336195764028687,-3.074592392015454,2.826163161209128
2001-09-01,39.996738605448876,-21.54643907985779,-4.293956789232191,2.272423923653778
2001-09-02,38.11146000479318,-21.84061396080858,-3.3348551164240114,2.725953051857311
2001-09-03,37.73860543596101,-21.995363270712552,-4.173126362555346,2.3699668141151617
2001-09-04,38.22583518910958,-21.04447168311061,-4.076768120170893,2.3286220834757514
2001-09-05,37.05409617326063,-19.692809383226933,-5.154050877521668,1.2440086140486233
2001-09-06,38.75059662240186,-19.955653405072198,-4.922411634622403,1.485384174871084
2001-09-07,39.912435596958005,-20.494930291469494,-4.965597706648013,1.790854442622123
2001-09-08,40.81248545757263,-20.35997004267283,-5.236930322507871,3.2110357341598545
2001-09-09,40.45639303804771,-20.629569700643685,-4.354646018985335,3.445691661495472
2001-09-10,39.869208898573525,-21.213896402156884,-4.706946874772366,4.4199977993602015
2001-09-11,39.92075229291426,-18.400098584598044,-3.485928739345334,5.523065335571063
2001-09-12,38.73436978203947,-20.326167249505364,-4.303293079180314,7.015118904778532
2001-09-13,38.73831968281051,-19.486836605326282,-5.458028549667258,5.38940278824912
2001-09-14,40.60139386601277,-18.683950320488613,-5.595807849577752,5.550984906636736
2001-09-15,40.778888168906974,-19.909820547498217,-4.7967437620880675,6.086555865934763
2001-09-16,37.71600097560702,-19.21536699140392,-5.355949438287664,5.491143532502063
2001-09-17,37.70730824293488,-20.316274123068435,-4.951831150831399,5.993122975871486
2001-09-18,38.75667806815274,-21.22077692397581,-3.3727384442897037,4.663279002659243
2001-09-19,40.94818132596903,-21.787652557369704,-3.394047057704873,4.713745391275485
2001-09-20,41.61869178039488,-21.84008602764863,-4.352368574832949,5.5467038605990835
2001-09-21,41.13419988235737,-20.94401326337427,-2.892984924222887,6.518490084922729
2001-09-22,40.591213704619484,-20.961228305242187,-3.1530527760259455,6.224297916820074
2001-09-23,40.66998505044541,-22.21317072675176,-5.496725961958366,6.396408691411109
2001-09-24,41.69932484014835,-23.533411789824797,-4.16040944383232,7.957660110024444
2001-09-25,41.37191374817187,-24.63544721873437,-4.358607726299848,8.36405963529386
2001-09-26,40.981106384740826,-25.406097907095518,-5.728005838841587,8.096042008054303
2001-09-27,40.71935081268398,-24.773738489027036,-7.387796855244045,6.530140073669434
2001-09-28,38.89199766111772,-26.78340955357348,-8.207213128578086,4.625521153854451
2001-09-29,39.437080570713,-28.380115803185923,-8.7915366930998,3.743987398908489
2001-09-30,39.529699959557895,-27.79907946405887,-8.828477015615192,4.2697770068251
2001-10-01,39.23583680175622,-26.957881224346817,-9.557381352527896,2.4460057375730653
2001-10-02,39.03279081645292,-26.578504413444847,-10.65011438875045,2.279386877092861
2001-10-03,38.36526944908845,-25.64164021622436,-11.043811482778636,-0.21330140093959482
2001-10-04,40.12051036834054,-26.158974750824836,-9.876679044869348,-0.0108555459755873
2001-10-05,39.11026607815711,-25.884994615153325,-10.41609696848742,-0.7529951398001031
2001-10-06,38.98425531167051,-26.730665839243034,-10.533263918149101,-1.3829933934787082
2001-10-07,38.18564011539586,-26.93206308383039,-9.225139177096457,-2.575389460533811
2001-10-08,37.56527683849945,-25.71552326302408,-9.295978434668452,-4.136551651551109
2001-10-09,39.35957245290134,-26.31044294334396,-8.522739004547422,-5.256887288631132
2001-10-10,39.889446405950345,-26.402559940305295,-10.14305531088158,-5.011446390704126
2001-10-11,39.57603461333696,-26.563714664438752,-11.071481628606179,-5.259166260294498
2001-10-12,40.1320581653874,-26.809796915479595,-10.24641733875469,-4.432667499756347
2001-10-13,41.74413315621556,-27.626847680870387,-9.905547348215665,-3.707992840487081
2001-10-14,42.47729714128337,-27.98638511122911,-8.860954595987556,-4.324358889363635
2001-10-15,40.78451256435374,-27.23733999685742,-11.026510005356172,-4.925355506260384
2001-10-16,40.419694516447514,-26.356623662116597,-11.119763946151556,-5.528901363935643
2001-10-17,39.79499445669389,-25.201439621015584,-10.389982949544331,-5.71969864729829
2001-10-18,40.794259251037296,-25.898770430188886,-10.839226041652745,-5.776250236049059
2001-10-19,40.35662497271197,-24.93385455696653,-10.12212075220649,-5.422184779929077
2001-10-20,43.14630807548596,-24.406808923272415,-9.809226689368016,-5.768511608544229
2001-10-21,43.39395060377469,-26.448004004195642,-8.45298585339062,-6.360680750376508
2001-10-22,44.336169762845245,-26.834085289976958,-8.174997238640033,-6.660184212028968
2001-10-23,44.65671581295491,-25.424243725416012,-8.58173484597547,-5.282657323271479
2001-10-24,43.299567915232764,-24.58312759477127,-10.822310743623818,-4.773863959908278
2001-10-25,43.96194811440079,-24.257343238197922,-10.179587567171458,-6.946755618941584
2001-10-26,45.08377442349751,-23.615229759922173,-8.75084272973736,-5.505677984946699
2001-10-27,45.16145880596656,-23.542143876631137,-7.540277335054374,-4.773017706082629
2001-10-28,45.37393970747865,-22.84479018657676,-6.1018858067717465,-3.9472858952576204
2001-10-29,43.807623948875694,-22.81810202951452,-5.322460657343804,-2.078393152719411
2001-10-30,45.50163832778403,-21.587162361614066,-6.083087668791507,-0.5269440081476484
2001-10-31,46.3282335256498,-20.87320415474455,-6.102436950791651,-0.00993077314635582
2001-11-01,46.49701225314188,-21.677161282203027,-6.13128276096998,-0.8836553867486527
2001-11-02,46.6401195117074,-21.261921195086288,-6.852906963514982,-2.4273141253254464
2001-11-03,45.87727753907659,-21.79688956104848,-7.774762679455455,-1.918211636820796
2001-11-04,45.4544274428719,-20.11882458271717,-9.708038095294157,-3.4366639125405287
2001-11-05,47.06362584895554,-20.39798331538822,-7.582708858646047,-3.498184646018012
2001-11-06,47.98064038380522,-19.79622809939025,-6.211375922440508,-4.485623548780619
2001-11-07,48.27216062925346,-20.926816238206417,-7.088523865710434,-3.334558981104668
2001-11-08,47.63672707921102,-21.07620689599622,-6.685917996293084,-2.457283642575006
2001-11-09,47.89207542505689,-21.133372058781227,-6.240281273389887,-2.387094365638993
2001-11-10,49.423923994569066,-19.272979058057203,-3.536321655647534,-2.784829269962249
2001-11-11,49.22492622038676,-19.214754465823734,-1.9863997189969476,-2.870130347133306
2001-11-12,51.35135391734327,-18.779328605683016,-1.635902449196169,-1.2915033166660987
2001-11-13,52.651411212873704,-16.773510238208786,-0.5998640693050337,0.6547186002587122
2001-11-14,52.33277549336068,-14.462875984567813,-0.8409691014834129,-0.16927233097775418
2001-11-15,52.107100964543584,-13.535881986511736,0.26537967804552776,-0.4655374205667673
2001-11-16,52.13695869785054,-12.867706179309435,0.2548464536970401,-1.19547301362892
2001-11-17,51.93339126227603,-12.94172081189801,0.03815427651034961,-1.2251828395282263
2001-11-18,51.13083987625968,-11.8791658955647,-0.07900094905195379,-3.0657129938544156
2001-11-19,50.621580474246684,-12.306632213407957,1.9165771622506853,-4.43036550576384
2001-11-20,50.41686276134852,-11.413185596950209,1.2027429268205139,-5.378035182777953
2001-11-21,51.6723143650819,-12.227553558781048,0.8105181073763637,-5.635611095799886
2001-11-22,51.76096907825334,-11.630172719151718,0.2044605691578686,-5.777975937647623
2001-11-23,51.6002548916832,-12.575524855111858,-0.07541008645371455,-5.723920660900501
2001-11-24,49.669699101265444,-12.417566112507512,-1.1465453458465245,-5.417576247135083
2001-11-25,49.321149014095695,-12.004653708674494,-2.4817192019294563,-4.995022658286515
2001-11-26,50.05079861817834,-11.225983191558747,-4.720615851983091,-3.9272438237213567
2001-11-27,48.6994031095026,-10.31044336478206,-4.32624696294926,-5.824620611394354
2001-11-28,49.520210077835294,-8.418309602623241,-4.041803014961246,-6.183098604693834
2001-11-29,51.354503069585355,-10.382865445505443,-4.2647734414259695,-7.318756470681931
2001-11-30,51.92026179715895,-12.922644016342465,-4.6675956340150995,-7.771319621127895
2001-12-01,51.3492567711049,-12.603276213746792,-4.345082860495352,-8.813668945818298
2001-12-02,48.37573444669952,-11.47077968362257,-4.95022440656783,-8.434279736175537
2001-12-03,47.660586815294565,-12.976406548302535,-4.841123289252048,-8.623577675278113
2001-12-04,47.530446006830836,-11.443163456933718,-5.892931154853633,-8.447015125451182
2001-12-05,46.15760696191591,-9.922569668793027,-5.7627116055936485,-8.784341992028114
2001-12-06,48.227411357098234,-10.911684879540251,-3.6122407071190827,-6.495209056586039
2001-12-07,47.08004130896034,-12.16105166808323,-4.464682374795657,-5.680722356165636
2001-12-08,47.03589398842818,-12.21468279675363,-5.104313743291022,-4.727527415848107
2001-12-09,47.60762407774114,-11.350171976686353,-5.751968756080669,-4.8582396437101805
2001-12-10,48.440794150028225,-11.940122489259775,-6.885995568020873,-5.849109063924787
2001-12-11,49.64504229124543,-12.23653666137231,-4.4499988292729915,-4.918376832595887
2001-12-12,50.40849572488033,-10.767074154650544,-3.5042503369408435,-4.897406685745283
2001-12-13,51.61404000160956,-10.704027015637232,-3.393941026081126,-6.499025340773467
2001-12-14,52.58435750359697,-10.450845141660734,-3.9114983452929284,-6.175635469267459
2001-12-15,53.23235127129198,-9.51298019770994,-4.123972381837086,-6.822871911878066
2001-12-16,52.856233788253014,-9.923080207358808,-4.920831626505583,-8.184101758130465
2001-12-17,52.35163114115688,-10.399198196625889,-5.478384789630503,-8.243329323160738
2001-12-18,52.34363289792436,-11.37511727000988,-6.3743131456098014,-8.184774395956824
2001-12-19,51.68030846212197,-10.514109158716629,-5.7792637544461885,-8.65063887075158
2001-12-20,51.64887669457074,-10.662304705349047,-4.647768526561691,-6.948768593027483
2001-12-21,50.54744315832601,-10.402887223271083,-4.879950783980621,-4.4741921784081775
2001-12-22,51.11409832989195,-9.849643458514427,-5.854571691431918,-5.4694655963779475
2001-12-23,51.07500350287005,-9.462161550735724,-6.035396432721489,-6.373918668327115
2001-12-24,49.65781492263702,-7.660799347762382,-5.827295821894949,-5.738450465803208
2001-12-25,50.620787015295505,-7.686976528572842,-4.553334043616923,-4.985758845907989
2001-12-26,50.999081373851304,-9.037871006806261,-4.393500530628513,-3.730855088957261
2001-12-27,50.55401322689415,-8.862841089754717,-4.95705897759273,-3.962820370536066
2001-12-28,49.98584752932167,-9.15231695631261,-4.224012021606428,-4.245490019073964
2001-12-29,48.81296558875079,-8.886676625933257,-5.17508931960797,-4.276203666311215
2001-12-30,48.78676383703267,-9.50193985243278,-5.405096675324117,-4.463887045964528
2001-12-31,47.78188674533688,-8.734961651566328,-6.894162258846861,-3.472361756561333
2002-01-01,48.034821635193794,-7.640168547094195,-8.019974598108506,-3.072900197717492
2002-01-02,46.557450847119654,-7.502956390310663,-8.032832276341214,-3.3703000149101823
2002-01-03,45.97083086016714,-7.206363259606155,-8.485194058397354,-2.652342481733661
2002-01-04,45.418231707668006,-7.881663407394309,-8.467183627218732,-3.3817517641515016
2002-01-05,45.37125751010944,-7.0324947429201945,-6.380815260821346,-3.347197740777309
2002-01-06,45.97725041317253,-5.7063021936080585,-5.4607097402575215,-4.346162191033153
2002-01-07,46.238410268570064,-4.539811776005447,-4.467833646412976,-4.541072445072602
2002-01-08,46.099335965760936,-4.551060989287007,-5.175063929346416,-5.009897657348091
2002-01-09,46.636140089859914,-3.52163455358425,-5.53265773326805,-6.80576006712136
2002-01-10,46.238265431595885,-3.6926839320162883,-5.512449383047738,-7.8377535650929895
2002-01-11,46.42107191547639,-2.9435967288786,-6.074716395139455,-8.48752045658948
2002-01-12,45.80294204410084,-2.6380035586306874,-7.0220788867964785,-7.244914310075208
2002-01-13,46.291843320204684,-1.4024318416160102,-6.98800429748696,-7.026874293082903
2002-01-14,45.77943270581895,-2.4074055024460277,-6.982438203583729,-5.650653312210593
2002-01-15,43.995608341865726,-2.9087967843548133,-6.737728886834899,-5.451073236905066
2002-01-16,43.95716608281957,-2.6805668627096884,-5.4642983351107715,-5.565851260781676
2002-01-17,46.37535056456936,-4.162595321547721,-4.751616446334641,-5.9849815464096965
2002-01-18,45.439775611761206,-5.8372436709550835,-3.564131590373119,-4.697618557820034
2002-01-19,44.9763836118223,-7.113454787872005,-3.3874731768929265,-5.117069251822557
2002-01-20,44.218573652436426,-7.108342274638548,-2.171181932042903,-4.895826003681181
2002-01-21,44.32714407273692,-6.112289826723224,-3.1879543075027197,-5.572924164699727
2002-01-22,43.403499017318595,-6.4134873753419255,-3.7263680254112725,-5.510186467038213
2002-01-23,42.79754550412449,-6.689312746509958,-3.6619400883969524,-7.131324489904122
2002-01-24,42.67402613589914,-4.85316312817991,-4.75239981220995,-8.915765128032417
2002-01-25,41.865378084619074,-4.880352135151548,-4.709753081264822,-8.789498365018598
2002-01-26,41.9912204793252,-5.774707681136599,-4.899095276005218,-9.442093791747755
2002-01-27,40.31791545645078,-5.716260529007262,-3.3240108669216704,-10.645501191688613
2002-01-28,39.13212623585017,-4.303263517909086,-3.861518566059971,-11.584118072224712
2002-01-29,39.73617974783145,-4.369383895363459,-5.437367798839988,-11.915055373590214
2002-01-30,39.26065002888748,-5.419389804270484,-4.409030654005502,-13.07357366481155
2002-01-31,39.2327013626883,-5.421651145654889,-3.3892798139417604,-12.683931792291553
2002-02-01,39.19524951768917,-3.4138834575349315,-4.40154220919908,-13.287150245788471
2002-02-02,38.17045624956966,-2.694303514546191,-4.549822138484358,-13.510830215881937
2002-02-03,37.74374695590006,-2.7469808166511047,-5.131904669919557,-14.161372665077064
2002-02-04,37.72941863249911,-2.896506604537155,-4.309850224639554,-13.214053200156625
2002-02-05,37.891326539018586,-2.9699540519506606,-3.584973022577085,-12.337148724737057
2002-02-06,37.95909504187768,-2.5327500074176275,-3.8020845468957103,-11.98041643941608
2002-02-07,37.345265207637496,-1.6960913421877608,-4.15871652993381,-10.808325874648105
2002-02-08,36.38599697086486,-1.519590134846316,-1.8071675400997087,-12.361767683698536
2002-02-09,36.638926438267475,-2.0217140367936306,-1.3613107125783495,-13.246104623958585
2002-02-10,37.023746980145596,-1.1103732716602304,-0.6225378623031678,-15.176053216144416
2002-02-11,38.35833038163643,-1.8364027862080503,-0.6565680456307474,-15.634720449593873
2002-02-12,40.24490799254158,-0.2234675798109782,0.23388600129648862,-16.21317102301618
2002-02-13,39.56945169859329,-1.7989460077482202,-0.12603591192991837,-16.939823787298693
2002-02-14,40.56106859047909,-1.006137894513147,0.3328597206311355,-17.499205847391476
2002-02-15,41.85618165989777,-3.0213107545902917,1.8247697265249028,-16.090474232254
2002-02-16,42.98799881444399,-2.9914995800524355,1.4930205998322654,-14.981095463966481
2002-02-17,43.28205053018879,-1.8571388216290146,-0.5965607942308011,-15.589693889337582
2002-02-18,42.769769530712296,-3.1786049356513826,-0.17408859185578296,-14.700416569098465
2002-02-19,41.24584791732259,-2.437255637858605,0.06002009450400428,-14.884788673627277
2002-02-20,41.08675071405772,-3.1000974435600064,0.4434839395606538,-15.985351079025438
2002-02-21,41.08254539915284,-4.362344155588507,0.7344416133972393,-16.163377506949175
2002-02-22,40.200962485384736,-4.867847074491347,2.9101532673088943,-16.823651473510242
2002-02-23,39.64220346577459,-6.045879321145631,3.0765504726359714,-16.568252982221757
2002-02-24,36.99445505575657,-5.895887157364239,1.459342079766592,-16.753352428667146
2002-02-25,36.616753425906445,-5.463245754870838,2.4998969330629217,-17.385709033042613
2002-02-26,36.833788879801325,-5.1288247278039725,1.352398044643126,-16.86550904076624
2002-02-27,36.7790039835488,-5.430214401638771,2.4473168732179227,-17.986469530989673
2002-02-28,38.029971792306796,-5.381472821722769,0.9866754490933116,-16.95430325986795
2002-03-01,37.68280183475322,-4.135949070289709,0.2268921198659376,-16.908426422038755
2002-03-02,38.63788961690335,-5.358334046561147,0.22861490093687592,-17.565108650677853
2002-03-03,37.88666099867746,-7.159427494480939,0.5078344207022149,-17.709886410473228
2002-03-04,37.56610115530433,-5.672697109824333,0.2633135271732695,-18.52008934587087
2002-03-05,38.33327425734624,-5.890393554421456,1.5572892086052383,-18.736994549140185
2002-03-06,36.74647911744322,-4.082371969906186,1.7319457888565504,-18.402875364913612
2002-03-07,36.21215163916672,-3.8758375966461176,2.4785971524132595,-17.694604040996808
2002-03-08,35.76222994016092,-3.916206813511831,1.7979175705876214,-18.776524590842996
2002-03-09,35.37294155064744,-3.8744376753392924,2.155384472220762,-17.636782479836608
2002-03-10,35.2103050228172,-4.982086977323273,2.939349191696775,-17.407506522382583
2002-03-11,34.775006625241204,-4.93367538476887,3.3048347968378424,-17.411378906077598
2002-03-12,34.4358236239536,-5.4078800733073695,1.702136194056262,-16.388179164775032
2002-03-13,35.89512711820801,-6.293422868715653,3.7384981691123227,-16.020578509487947
2002-03-14,35.41708846022719,-4.761742391412986,3.008640037615443,-12.861964209997046
2002-03-15,33.288700761909155,-3.5324273870766163,1.5502874025049695,-12.327080546099582
2002-03-16,35.362579580700555,-3.191081189341342,1.9847738548231915,-13.808561397587614
2002-03-17,34.42289469065595,-3.14175770430282,3.504187976626672,-13.652207395017525
2002-03-18,35.59007339418889,-4.1804297182302985,3.05411336812844,-14.664816958837912
2002-03-19,36.126102306971326,-4.370259729117075,2.461869980061352,-14.163824506584756
2002-03-20,35.51555229211304,-3.589718298710488,3.015751041587719,-16.16881133183196
2002-03-21,34.620041545076134,-3.364066683739667,4.063154545204773,-16.257852472769493
2002-03-22,35.361056689418454,-3.6971517709683663,5.15951388976805,-14.477438389842888
2002-03-23,36.982566903262025,-1.5944316867280377,6.631513222975848,-14.400061446360382
2002-03-24,37.52632158698213,-1.494750852392323,7.071571635056227,-13.125451977915088
2002-03-25,38.1666116787759,-0.857470867419502,8.409806733842299,-13.252471374405049
2002-03-26,36.622313254171644,-1.5985927591216473,10.056570236455718,-13.483197702918138
2002-03-27,38.45434073489176,-1.886486029784807,9.618841814289217,-12.816136887073194
2002-03-28,38.95523284653425,-1.960085732174853,10.44469509954748,-13.061160257550632
2002-03-29,38.19409596782665,-2.603634091786035,9.95112776092105,-12.693825340115742
2002-03-30,37.90637207365434,-1.997029483960386,9.300863252704115,-13.300891891950583
2002-03-31,37.03538648680179,-1.9547992681104374,8.420123035781165,-11.922203521918547
2002-04-01,37.376235755392884,-0.6128563996784857,7.401605123284804,-11.072283984509367
2002-04-02,36.88874341224817,-1.6227766487322004,5.694847628589081,-11.467507642435452
2002-04-03,37.13028567740323,-2.8848970674557,5.233860156356576,-10.118359130761458
2002-04-04,36.17880509487828,-4.1335040347930505,6.244446263935547,-9.617696377224936
2002-04-05,34.1600164673695,-2.2978105055264955,6.237038442402985,-8.21680494747625
2002-04-06,34.74088824525981,-2.2457475544035743,5.608701380750502,-9.735368034991923
2002-04-07,35.3536439956031,-1.4932212005196472,5.916321949479942,-10.32432825415915
2002-04-08,33.22408404093343,-1.7413504368682289,7.47342934812194,-11.594082709476769
2002-04-09,31.57903948692956,-1.9761881225103988,7.7240587217472205,-11.507137562994114
2002-04-10,31.83872382975333,-1.7404982486092195,8.749121628395182,-11.146409174597382
2002-04-11,32.61681406235046,-1.149260765293493,8.03781725956204,-12.284708429830177
2002-04-12,31.616316568152794,-0.5075276473122047,8.786870142720089,-13.122009128812131
2002-04-13,32.19291398444352,-0.05063481592186925,8.539289413775972,-12.812377659167383
2002-04-14,31.51288764868646,-0.45149716054500144,8.72200710795541,-11.702517285117448
2002-04-15,31.8904156769057,-2.2237781263633924,7.919576641729952,-13.066823863605137
2002-04-16,31.91148592395361,-0.5506195466445287,8.748167983480357,-12.306317478971199
2002-04-17,33.534663377491974,-0.24718259682896782,7.685982596534012,-12.061158529050282
2002-04-18,36.03804044275474,0.8324909621019929,7.929471274875693,-13.55786278794294
2002-04-19,35.71282982652301,0.09682314681724724,7.817195601291374,-13.136189263758272
2002-04-20,37.07793269308348,0.8789693398303899,7.782103734624436,-13.973972637433372
2002-04-21,39.26986528653456,0.739744399072798,9.706002254855093,-14.766016174623392
2002-04-22,38.379365568060145,0.21359305874437173,9.158984535882354,-14.012759201481593
2002-04-23,38.330295894534615,-0.2070438333974503,7.5498343119745766,-15.673192306835798
2002-04-24,38.17492297155544,0.4867425155828711,6.371248588856021,-16.91881446134594
2002-04-25,37.3811307664757,0.9155167831750284,5.177797928406383,-17.11786730641835
2002-04-26,37.69918269341726,0.9687685899801214,5.279278962077291,-18.236477936025473
2002-04-27,39.089809073155244,0.1147003431353315,5.397673885568634,-18.229397410800644
2002-04-28,38.130763154764104,0.02103908388479457,6.684365073152815,-18.840629753571914
2002-04-29,38.8065820628877,-0.6733220206192874,7.763639847849314,-17.972070707111175
2002-04-30,38.454574154184435,-1.8784008760552755,6.400622711747732,-17.653272125444317
2002-05-01,38.6192654357565,-2.531273129715615,3.8529647922158454,-16.873089506529865
2002-05-02,37.56338140960299,-2.310398078566349,4.489514125277982,-16.097174512291108
2002-05-03,38.3386226724683,-2.9079866641377103,5.229977421545227,-17.655173288829015
2002-05-04,38.47740200171055,-3.9319640331532724,4.141912866397304,-18.041654977410747
2002-05-05,39.816279693496355,-3.5708494990689337,1.794398504139981,-18.329700405036647
2002-05-06,40.32471063556532,-3.107266438189891,2.3983045086373966,-19.107423619195515
2002-05-07,39.730183037900574,-3.4712636094653733,1.262562737364031,-19.048769552800806
2002-05-08,39.26839772141721,-3.5662264853531918,1.1637251385113627,-21.270482944949645
2002-05-09,40.53246819088552,-3.1772658071495012,1.8196684657633342,-19.567570438573703
2002-05-10,40.5981372982664,-4.971224199159575,1.6552780964945388,-19.192097463904823
2002-05-11,40.08945233916442,-4.095407388823036,1.8580804794724644,-19.68227647988752
2002-05-12,39.0995366430498,-4.336988269095866,1.8352038099817087,-18.333272466818876
2002-05-13,40.01889252878221,-4.278561408541549,2.0163058185454563,-18.38815793106347
2002-05-14,40.286006842909764,-5.151977184172511,3.1706203525847823,-17.60918505802541
2002-05-15,41.62355303007217,-5.058459391301222,4.928923253290692,-17.99350905906565
2002-05-16,40.23737762794598,-5.718502804972564,4.32605387654518,-17.936070718818687
2002-05-17,38.89685828720707,-5.72409674886917,8.547914596139073,-17.510148915890376
2002-05-18,40.978587411395594,-6.962606865153985,8.773751366562603,-18.59792910200901
2002-05-19,38.18957142387315,-7.084456918040595,10.099167995791111,-18.990475361010745
2002-05-20,38.042175715652164,-7.670091026441807,10.600753701186822,-20.191516468727126
2002-05-21,39.02467382618844,-6.4154011385993,12.37759741033137,-20.061043852632498
2002-05-22,38.79988046432765,-8.067563068874508,12.57653148736139,-19.78178555347676
2002-05-23,40.94183476559917,-7.392009688882372,13.569762570397337,-19.24639652840918
2002-05-24,40.96967548336241,-8.3995191138729,14.093925034662615,-19.44244016953024
2002-05-25,41.03112211993972,-8.244165890985126,14.915542718783882,-19.556915523289035
2002-05-26,39.302224544439454,-7.092398466475886,13.548852615330922,-20.223540798164453
2002-05-27,39.70600027916091,-7.1689218749998656,12.330288189234945,-19.46190581653783
2002-05-28,37.78421967943531,-7.046554818523796,10.79838435165059,-21.685738172565127
2002-05-29,38.7574100484082,-6.524405806656052,10.733671955100654,-21.35793549804147
2002-05-30,38.89588970758023,-7.3323559819257795,11.179560848163792,-20.989445142009476
2002-05-31,40.36552109026434,-6.241511447021478,10.677928525826163,-20.106892956265824
2002-06-01,40.21180161407282,-5.772941776047317,10.26594641678126,-19.22946673539015
2002-06-02,39.93852754896515,-6.188935524716615,11.809989648738084,-17.403339208068285
2002-06-03,41.02489386658209,-6.806927067023801,12.514762342215128,-17.409583272901106
2002-06-04,38.97878856967524,-7.219789583210113,13.954420873448543,-16.876212201293868
2002-06-05,38.485225871230696,-7.736752627846979,13.769823803784826,-17.56494064318377
2002-06-06,39.086860217430846,-7.342403844099137,14.810239245701696,-16.824104201764793
2002-06-07,38.61841077353001,-6.23812094791557,14.189843291543351,-16.50064657478098
2002-06-08,37.00390716008053,-8.520164307793339,16.07396391271959,-14.939399842679142
2002-06-09,38.461838215748436,-9.152030054675315,17.115009918801928,-14.994817785376199
2002-06-10,38.830051917308694,-9.342599322641187,16.363752179751774,-16.477525316926418
2002-06-11,38.273528653621376,-9.055604671994715,17.485957533157993,-18.29175768291917
2002-06-12,38.433430635173195,-10.025623148898603,16.406046107512264,-19.010541159356944
2002-06-13,38.83479549654288,-11.908150885059554,15.941920467891,-19.755085863153774
2002-06-14,40.28014712264805,-12.845475115441584,17.18361758764916,-19.0087931253229
2002-06-15,40.738404678584146,-11.979314016325882,16.782179644950002,-19.967379522189084
2002-06-16,39.9190650805846,-12.066868162572941,17.444997241714944,-20.34898078614227
2002-06-17,38.96282266148239,-11.311508389906454,17.805494011469158,-18.726676158808605
2002-06-18,38.38871969526001,-11.847600296343094,20.77539354302821,-19.96293951160092
2002-06-19,38.87651945514939,-11.476071989191885,21.31800428268357,-20.451172686871306
2002-06-20,37.862081601325706,-12.201544066887532,20.533330731463714,-20.925733478681174
2002-06-21,37.76938125745069,-11.579452185493567,21.068477897335566,-19.84044537682538
2002-06-22,36.37445956747567,-11.235855913686082,20.09912486592063,-21.236145160235882
2002-06-23,34.48598642136895,-11.399589648240436,20.737467108374663,-23.044465488975675
2002-06-24,34.83199373947172,-11.13736515480787,21.718486127584566,-19.904726778788316
2002-06-25,35.18039902592018,-11.820153010716613,22.014967547408762,-19.418362599613506
2002-06-26,34.28541199417572,-11.110725049504994,21.94945179703469,-18.136800670794457
2002-06-27,33.25158576895316,-10.475318742351298,22.387647440635483,-17.321651914755805
2002-06-28,33.55505143500949,-9.544279343178765,23.385770554884843,-19.611117075277075
2002-06-29,33.406289641966424,-8.80234308038076,22.808705781881535,-21.749114752652936
2002-06-30,31.35563581575792,-7.957312206971576,22.923865861654775,-21.373946880783897
2002-07-01,31.897395272677883,-8.792712595842335,23.144818747081352,-20.971317209876254
2002-07-02,32.24133660946273,-7.178819388390739,23.740381179300186,-20.441731420375692
2002-07-03,32.25062667291213,-5.734429831815899,24.321183901607505,-22.06538037356866
2002-07-04,32.441479902091515,-4.3823424796469865,25.11079981741186,-20.710900189144866
2002-07-05,30.765418419799396,-4.524912757770126,25.121036942655294,-20.544930347751546
2002-07-06,29.214077446294013,-6.222862620830984,23.647066683894366,-20.257365696617143
2002-07-07,30.00146855714165,-4.672186095870949,22.805977443892424,-21.48789986005395
2002-07-08,32.668374559886665,-5.436060929337046,22.138120581612835,-21.110263796348647
2002-07-09,32.47682499721358,-6.735538150848992,23.07375322840324,-20.218628186897135
2002-07-10,33.09932697837105,-6.407122238090443,23.292600063962904,-19.707187819543623
2002-07-11,33.29527432532379,-5.115958058957218,23.03940633096291,-19.75027889002073
2002-07-12,33.44133161435585,-7.351076176885909,23.04384303338246,-20.402431469658513
2002-07-13,32.23148141188158,-8.494619800284735,24.190281209584864,-20.3236887257523
2002-07-14,33.583385664465865,-6.6769706523026064,24.03906407687435,-20.170417842563598
2002-07-15,33.52971878676348,-6.763573821536573,23.85711478687481,-21.49937813084131
2002-07-16,34.811453801542164,-6.63571850244095,24.213014122978105,-21.36744456986772
2002-07-17,34.560063589213506,-6.318465451625138,23.757525247045756,-21.711568326504747
2002-07-18,35.66509685651734,-6.306927185653462,24.142477989198742,-21.54020207175628
2002-07-19,36.173070043755544,-5.992553601545323,23.986844759765486,-19.34840068551863
2002-07-20,35.38412463545839,-7.54102152356897,24.491632725030296,-18.351416852965176
2002-07-21,36.02792839393841,-8.547614885100174,23.64567174458039,-17.375707121317298
2002-07-22,36.91223643717302,-9.062389734804224,25.18932694293666,-14.825879095436903
2002-07-23,35.90885383556737,-9.508953012937875,25.407840192456014,-14.739947498332633
2002-07-24,35.67386800990029,-9.437444106945087,27.6222850442993,-15.715420289455386
2002-07-25,37.51429264893983,-9.901021871825607,27.121117019303135,-14.340022531805738
2002-07-26,37.25431101531504,-8.811966498874707,27.14087434533294,-14.881901051806137
2002-07-27,37.29178779846873,-8.088143391311,27.192573979121708,-13.959069918643426
2002-07-28,36.741097525136254,-7.172551890233313,27.856896605926835,-13.551712094697367
2002-07-29,35.777894823149275,-8.37240156013231,27.766115215352645,-14.999472814609192
2002-07-30,36.650790276492074,-7.348702352213353,27.269226028824008,-14.943106057275395
2002-07-31,34.25073319593535,-7.2410017318483595,25.84108468641189,-15.618801195275436
2002-08-01,33.159861682500505,-6.82945717995905,25.932231080198445,-15.366580189829671
2002-08-02,34.68804904196426,-8.590787616110674,27.91692406581382,-15.610448610901862
2002-08-03,32.78803915058577,-8.130697375681713,28.26261219316303,-15.724176439423013
2002-08-04,32.33921107232561,-8.314469433865446,29.320806708402777,-15.382516250381371
2002-08-05,33.13334706568631,-6.920743091388685,31.214512469357114,-17.64494133058248
2002-08-06,33.43852545480853,-8.223484740481224,30.565079524573246,-15.559769737857232
2002-08-07,32.02130033304443,-8.47742503540997,29.880665030855887,-14.896959289292894
2002-08-08,31.091370367473054,-7.3770871946741865,29.494419173477112,-14.095432240538857
2002-08-09,30.53919249071606,-7.25088646880785,28.170484645931484,-11.380451008884158
2002-08-10,32.10590456923341,-7.31648179191759,29.0375769451786,-10.792397313174702
2002-08-11,30.800703631522147,-8.459413304989297,28.27180195943884,-12.384483002729445
2002-08-12,30.565917264411894,-10.36833699538822,28.947538732809466,-12.962587047412901
2002-08-13,30.443987930377908,-10.893898557734323,28.840864711812674,-12.719924629479461
2002-08-14,30.06688341624922,-11.1215401716031,30.18268750535706,-12.472915620674007
2002-08-15,28.806548201080556,-10.72539757093685,30.353780532016128,-13.498878413581382
2002-08-16,29.058619295046345,-10.538675297408878,29.71640457722988,-13.79796653445678
2002-08-17,27.634731588623175,-10.679004270596657,30.50785198698432,-14.781824461774493
2002-08-18,29.69232150778509,-10.477822492037882,30.533660744196872,-15.008921875385987
2002-08-19,29.691227082903755,-9.495764744449385,30.59511867815877,-14.837942259092667
2002-08-20,29.21246378836604,-9.66349560252731,30.001329809753525,-16.259379662454027
2002-08-21,28.911969143354302,-10.631116765222414,30.28239923425871,-15.8212197691304
2002-08-22,28.093008242441254,-10.332795603713619,29.588250935797692,-16.406672462701366
2002-08-23,27.78239580247478,-10.096307578812063,29.683805509882045,-15.167675994311216
2002-08-24,28.326069423822194,-9.408053405719237,30.075730731356494,-15.779369205775424
2002-08-25,28.946437836803142,-8.360582052880087,30.08056250196323,-15.671850161732511
2002-08-26,28.666493885452248,-8.652877135274776,30.042785161123568,-16.274664983636747
2002-08-27,27.494467181762353,-10.502745142416837,30.638423009843724,-13.968926944399058
2002-08-28,27.45934199110611,-10.579605082108362,29.933703075244246,-14.015641750934323
2002-08-29,27.285774057462927,-13.111624676895094,29.853601328008114,-15.207179392219036
2002-08-30,27.56647182781595,-15.338640069834488,29.36762685281976,-15.603533954307016
2002-08-31,27.562940014785507,-16.052230160707424,30.044693692126987,-14.61052777805315
2002-09-01,27.023031640852018,-16.756931279895852,28.8290777426071,-15.820145874167487
2002-09-02,27.052272308367584,-16.985106222596066,28.872038727820794,-15.702589923762128
2002-09-03,28.089397745332047,-17.396651471481327,28.036421537488874,-14.134890282515572
2002-09-04,30.052971348915825,-16.529025693202737,29.461198065903275,-12.043678733344462
2002-09-05,29.343502675368914,-17.46660788610981,29.893198361966594,-14.784413757097639
2002-09-06,29.469817184677286,-16.869172047654388,28.855189397092115,-13.837483688130266
2002-09-07,29.498609300791856,-15.829376022523855,29.415849845666514,-14.328958099937816
2002-09-08,29.89099768280801,-16.73986932519995,28.472972458423243,-13.731135704889683
2002-09-09,29.023888175735568,-16.21996201347613,29.872065145681926,-14.627612093509725
2002-09-10,30.80173604819813,-15.059889537229841,28.035915088879445,-13.957619353934176
2002-09-11,29.46947113047268,-13.323004625037019,28.70351462795708,-13.22335309147396
2002-09-12,30.84020008402843,-13.373523230626274,28.005717216996803,-12.448795677383918
2002-09-13,29.845686247711683,-14.337492312085955,28.775126273751056,-11.737575816838106
2002-09-14,31.962389961354326,-14.87346375695407,27.537275210146085,-10.316890308066574
2002-09-15,32.175006664413715,-15.411910563737699,27.116416928858538,-7.875627149562545
2002-09-16,30.614666348746805,-15.60262496119189,26.65709557928689,-7.949220365942422
2002-09-17,31.330597162333603,-15.744507933020504,27.15039521476183,-5.7497032096860385
2002-09-18,30.800232946378827,-16.866833003228944,28.605727103661145,-7.964270859867397
2002-09-19,31.050517287618636,-18.607147345134628,29.616117998637556,-9.321840474558279
2002-09-20,30.919567070485016,-19.81413531177795,30.076564425783996,-8.012407448034278
2002-09-21,30.528243706160268,-19.522298354868923,30.398035446924055,-7.162043266987663
2002-09-22,30.111923231206376,-19.50418181995514,30.386941508299845,-6.321291512122718
2002-09-23,29.730145507988617,-20.066332757178415,28.376433758695224,-5.986137723372942
2002-09-24,28.390642167154954,-18.369120362335902,28.21413056140537,-7.62518511485367
2002-09-25,30.090463047078213,-17.905825596571752,29.181294686086396,-5.677237577028099
2002-09-26,29.558113215228442,-18.04031146396105,28.257295694789008,-6.993860383789263
